"ID","Description","GeneRatio","BgRatio","RichFactor","FoldEnrichment","zScore","pvalue","p.adjust","qvalue","geneID","Count"
"GO:0007409","axonogenesis","88/1892","448/18870",0.196428571428571,1.95909468438538,6.85841634388675,4.57441876126593e-10,2.91802172781154e-06,NA,"DSCAM/HMCN2/TIAM2/EPHB2/WNT7A/S100B/ERBB2/AUTS2/ADCY1/PAK3/TNN/PTK7/LGI1/CDKL5/RND2/GDNF/EPHA6/NCAM1/LAMA2/SCN11A/FGFR2/CNTN1/CDH11/CDH2/PLXND1/KIF5C/FLRT2/MYPN/SEMA5A/LPAR3/DCLK1/SNAP25/SEMA3E/ROBO4/EGR2/ATP8A2/NEXN/TRIM46/PTPRO/EPHA3/DPYSL5/SZT2/ARK2C/ATL1/SPP1/SOS1/CNTN4/B4GALT6/ARHGAP35/NTNG1/NRXN1/MYCBP2/LIMK1/MAPT/USP33/TRPC5/SPAST/SEMA5B/EFNA5/CNTN2/NLGN3/TNR/NFASC/NTRK2/NOTCH3/CHN1/EPHA4/RELN/ENAH/EPHA7/ANK3/EPHA10/CYFIP2/SEMA6D/SEMA3C/POTEI/FGF13/DRAXIN/RGMA/BCL11B/SEMA6B/RTN4R/KIAA1755/PRKCQ/ROBO2/THY1/NRXN3/SYNGAP1",88
"GO:0042391","regulation of membrane potential","84/1892","440/18870",0.190909090909091,1.90404574284067,6.40539357336087,4.66849943272527e-09,1.48901789406772e-05,NA,"CHRNA2/CLDN19/CACNB4/WNT7A/ANK2/DMD/KCNMB4/ABAT/GLRA1/SLC24A4/RYR2/P2RX7/ATP1A3/GRIK2/GABRD/FGF12/PIEZO2/GABRG3/SCN11A/GRIN2B/CNR2/GRIN2C/GABRB2/KCNJ2/STOX1/DSG2/NEDD4/KCNAB2/KCNQ5/BVES/KCNJ11/CHRNA1/GJC1/ADRA1A/NRXN1/PTPN3/SLC8A1/RIMS2/KCNC2/GRIN2A/GRIA2/MAPT/ATP1B2/CACNB2/CNGB1/TRPC5/KCNB1/AKAP6/PRKN/CTNNA3/KCND3/NLGN3/MFN1/CHRNB4/NTRK2/GRIA3/HSH2D/SCN1A/RELN/GRIA1/KCNE1/KCNJ3/NALCN/RNF207/SNCA/ANK3/KCNE4/P2RX5/FGF13/ABCB5/OPRD1/SCN3B/SHANK3/MEF2C/KCNH5/HTR3B/DLG4/SLC6A4/CHRNA3/BCO2/GABRB3/STX1B/MAPK8IP2/SCN2B",84
"GO:0007411","axon guidance","52/1892","233/18870",0.223175965665236,2.22586177172463,6.28525935926314,2.35850641117773e-08,3.2495505423544e-05,NA,"DSCAM/HMCN2/EPHB2/ERBB2/PTK7/LGI1/GDNF/EPHA6/NCAM1/LAMA2/CNTN1/PLXND1/KIF5C/FLRT2/MYPN/SEMA5A/SEMA3E/ROBO4/EGR2/NEXN/PTPRO/EPHA3/DPYSL5/ARK2C/SOS1/CNTN4/ARHGAP35/NRXN1/MYCBP2/USP33/SEMA5B/EFNA5/CNTN2/TNR/NFASC/NOTCH3/CHN1/EPHA4/RELN/ENAH/EPHA7/EPHA10/CYFIP2/SEMA6D/SEMA3C/DRAXIN/BCL11B/SEMA6B/KIAA1755/PRKCQ/ROBO2/NRXN3",52
"GO:0097485","neuron projection guidance","52/1892","233/18870",0.223175965665236,2.22586177172463,6.28525935926314,2.35850641117773e-08,3.2495505423544e-05,NA,"DSCAM/HMCN2/EPHB2/ERBB2/PTK7/LGI1/GDNF/EPHA6/NCAM1/LAMA2/CNTN1/PLXND1/KIF5C/FLRT2/MYPN/SEMA5A/SEMA3E/ROBO4/EGR2/NEXN/PTPRO/EPHA3/DPYSL5/ARK2C/SOS1/CNTN4/ARHGAP35/NRXN1/MYCBP2/USP33/SEMA5B/EFNA5/CNTN2/TNR/NFASC/NOTCH3/CHN1/EPHA4/RELN/ENAH/EPHA7/EPHA10/CYFIP2/SEMA6D/SEMA3C/DRAXIN/BCL11B/SEMA6B/KIAA1755/PRKCQ/ROBO2/NRXN3",52
"GO:0001508","action potential","38/1892","146/18870",0.26027397260274,2.59586144979582,6.46195663461442,2.54706893114469e-08,3.2495505423544e-05,NA,"CLDN19/CACNB4/ANK2/DMD/KCNMB4/GLRA1/RYR2/GRIK2/FGF12/SCN11A/CNR2/KCNJ2/DSG2/KCNAB2/KCNJ11/CHRNA1/GJC1/ADRA1A/PTPN3/SLC8A1/KCNC2/CACNB2/KCNB1/AKAP6/CTNNA3/KCND3/CHRNB4/NTRK2/SCN1A/GRIA1/KCNE1/KCNJ3/RNF207/ANK3/KCNE4/FGF13/SCN3B/SCN2B",38
"GO:0034765","regulation of monoatomic ion transmembrane transport","83/1892","454/18870",0.182819383259912,1.82336245354891,5.92806661998571,4.39585121664268e-08,4.67352248516061e-05,NA,"APLNR/CACNB4/AKAP5/CLCNKB/EPHB2/ANK2/DMD/RGS7/CLIC5/HAP1/KCNRG/CX3CL1/TMC2/RYR2/P2RX7/ABCB1/FGF12/SCN11A/CLCN2/GRIN2B/GRIN2C/KCNJ2/KCNJ16/NEDD4/SCN3A/KCNAB2/KCNS1/TMEM38A/SCN9A/TCAF2/KCNQ5/TMC1/KCNJ11/OPRK1/PDE4D/PTPN3/SLC8A1/CAPN3/KCNC2/HECW1/GRIN2A/TMEM37/ATP1B2/CACNB2/KCNB1/AKAP6/KCND3/NLGN3/ATP7A/P2RY6/SCN1A/RELN/KCNE1/WNK4/KCNJ3/JPH2/KCNG1/NALCN/RNF207/SNCA/ANK3/KCNE4/LRRC38/KCNJ6/P2RX5/FGF13/KCNMB1/SCN2A/FGF14/SCN3B/SHANK3/CACNA1E/KCNH5/KCNG4/KCNA7/KCNA3/CACNA1A/CACNA1F/KCNV1/GRM6/THY1/NOS1/SCN2B",83
"GO:0098742","cell-cell adhesion via plasma-membrane adhesion molecules","58/1892","279/18870",0.207885304659498,2.07335924890313,6.02958709447983,5.53521558476711e-08,5.04416288788992e-05,NA,"DSCAM/CLDN19/HMCN2/CLSTN2/CDH15/CX3CL1/CRTAM/CDHR4/TGFB2/PTK7/SELE/CEACAM5/PCDHGA8/CDH12/DSG2/CDH11/IL10/CDH2/TENM2/PCDHB1/MYPN/CDH3/PECAM1/PCDHB14/ROBO4/NEXN/FAT4/PCDHA9/CDH18/CNTN4/NTNG1/MDGA1/CDH13/DCHS2/EFNA5/PCDHGA9/CNTN2/PCDHB13/PCDHB9/PCDHB2/PCDH11X/PCDHA10/TENM4/ITGAL/PCDHA4/PCDH9/FAT3/ADIPOQ/CD6/PSG2/PCDH11Y/ROBO2/LRFN3/AJUBA/NECTIN3/PCDHB16/CDH6/CEACAM8",58
"GO:0050804","modulation of chemical synaptic transmission","87/1892","489/18870",0.177914110429448,1.77443935719011,5.79227298347707,7.50267015625918e-08,5.84483050729523e-05,NA,"DLGAP1/CACNB4/AKAP5/IL1B/EPHB2/WNT7A/CLSTN2/SYP/KCNMB4/LGMN/S100B/HAP1/CX3CL1/CACNG5/ADCY1/SHISA7/LGI1/CDKL5/GRIK2/LAMA2/GRIN2B/RASGRF1/CNR2/IQSEC2/GRIN2C/FER1L5/CDH11/CD38/CDH2/AKAP12/SNAP25/FRRS1L/GUCY1A1/GFAP/CAMK2A/EGR2/SLC1A3/SLC7A11/MAPK3/CNTN4/NTNG1/USP46/ADRA1A/ACE/NRXN1/GRM7/RIMS2/GRIN2A/GRIA2/MAPT/AKAP7/GRM4/KCNB1/PRKN/CNTN2/NLGN3/TNR/CHRNB4/NTRK2/EPHA4/GRIA3/RELN/GRIA1/GRM3/NALCN/EPHA7/SNCA/APBA2/SYN3/ADIPOQ/SHANK3/SLC6A1/MEF2C/CACNA1A/DLG4/CYP46A1/SLC6A4/CHRNA3/GRM6/NSG1/PLCB1/GPR158/SYNGAP1/STX1B/MAPK8IP2/SHISA9/MYOF",87
"GO:0099177","regulation of trans-synaptic signaling","87/1892","490/18870",0.177551020408163,1.77081805237951,5.77123697377823,8.2463512408931e-08,5.84483050729523e-05,NA,"DLGAP1/CACNB4/AKAP5/IL1B/EPHB2/WNT7A/CLSTN2/SYP/KCNMB4/LGMN/S100B/HAP1/CX3CL1/CACNG5/ADCY1/SHISA7/LGI1/CDKL5/GRIK2/LAMA2/GRIN2B/RASGRF1/CNR2/IQSEC2/GRIN2C/FER1L5/CDH11/CD38/CDH2/AKAP12/SNAP25/FRRS1L/GUCY1A1/GFAP/CAMK2A/EGR2/SLC1A3/SLC7A11/MAPK3/CNTN4/NTNG1/USP46/ADRA1A/ACE/NRXN1/GRM7/RIMS2/GRIN2A/GRIA2/MAPT/AKAP7/GRM4/KCNB1/PRKN/CNTN2/NLGN3/TNR/CHRNB4/NTRK2/EPHA4/GRIA3/RELN/GRIA1/GRM3/NALCN/EPHA7/SNCA/APBA2/SYN3/ADIPOQ/SHANK3/SLC6A1/MEF2C/CACNA1A/DLG4/CYP46A1/SLC6A4/CHRNA3/GRM6/NSG1/PLCB1/GPR158/SYNGAP1/STX1B/MAPK8IP2/SHISA9/MYOF",87
"GO:0007156","homophilic cell adhesion via plasma membrane adhesion molecules","40/1892","168/18870",0.238095238095238,2.37466022349743,5.97444716083064,1.55360858024131e-07,9.91046913335933e-05,NA,"DSCAM/HMCN2/CLSTN2/CDH15/CDHR4/PTK7/CEACAM5/PCDHGA8/CDH12/DSG2/CDH11/CDH2/PCDHB1/MYPN/CDH3/PECAM1/PCDHB14/ROBO4/NEXN/FAT4/PCDHA9/CDH18/CNTN4/CDH13/DCHS2/PCDHGA9/CNTN2/PCDHB13/PCDHB9/PCDHB2/PCDH11X/PCDHA10/PCDHA4/PCDH9/FAT3/PCDH11Y/ROBO2/NECTIN3/PCDHB16/CDH6",40
"GO:0051321","meiotic cell cycle","57/1892","287/18870",0.198606271777003,1.98081413764908,5.58935244790713,3.60659927759984e-07,0.000209149970834631,NA,"EHMT2/PIWIL1/MEIOC/RNF212/EREG/ZFP42/FANCM/ATM/NDC80/SPATA17/SLC26A8/CDC25A/TERB1/TOP2A/USP17L2/PIWIL3/TDRD1/ZNF318/LFNG/FAM9C/BRDT/TDRD12/EXD1/RAD54B/RBM46/BOLL/MOV10L1/SPIRE2/SYCP1/AURKA/NEK2/FBXO43/ASPM/ZNF541/ASZ1/MSH5/PRR19/PRDM7/FANCD2/PIWIL2/XRCC2/CCNB2/BRIP1/TESMIN/SHCBP1L/KCTD19/SEPTIN1/ERCC4/WBP2NL/SGO1/DMC1/FMN2/PLCB1/TEX15/TEX11/RAD21L1/IHO1",57
"GO:0035725","sodium ion transmembrane transport","40/1892","180/18870",0.222222222222222,2.21634954193094,5.47370945674607,1.06238441312734e-06,0.000564745847611609,NA,"DMD/SLC13A3/SLC24A4/SLC6A14/SLC13A1/SLC12A3/SLC9A7/ATP1A3/SLC6A15/FGF12/SCN11A/SLC6A16/NEDD4/SCN3A/SLC6A20/SCN9A/SLC9A4/SLC13A5/PTPN3/SLC8A1/SLC6A19/HECW1/ATP1B2/SCNN1A/SCN1A/WNK4/NALCN/SLC6A11/ANK3/SLC5A5/FGF13/SCN2A/FGF14/SCN3B/SLC6A1/SLC12A1/SLC6A4/SLC4A5/NOS1/SCN2B",40
"GO:0050808","synapse organization","82/1892","483/18870",0.169772256728778,1.69323598545034,5.15217931376626,1.28832390120332e-06,0.000607531945458541,NA,"DSCAM/PCLO/WNT7B/HMCN2/CACNB4/EPHB2/WNT7A/CLSTN2/LGMN/SIX4/CX3CL1/ERBB2/ADD2/SHISA7/PAK3/PTK7/CDKL5/GDNF/NRXN2/GRIN2B/ZDHHC15/GABRB2/NEDD4/SPTBN2/IL10/CDH2/PLXND1/FLRT2/PCDHB14/SNAP25/FRRS1L/SEMA3E/DAB2IP/NEGR1/PTPRO/CHRNA1/SLC7A11/ERBB4/LINGO2/SYNPO/NTNG1/MDGA1/NRXN1/MYCBP2/SRGAP2C/MAPT/CACNB2/EFNA5/CNTN2/PCDHB13/PCDHB9/PCDHB2/NLGN3/TNR/NTRK2/EPHA4/RELN/GRIA1/KIF1A/FARP1/EPHA7/SNCA/ANK3/POTEI/ARHGEF15/FGF13/CBLN3/SHANK3/SLC6A1/MEF2C/DLG4/ROBO2/GABRB3/AGRN/C1QB/GPR158/LRFN3/SYNGAP1/HAPLN4/SRCIN1/PCDHB16/CDH6",82
"GO:0010975","regulation of neuron projection development","78/1892","453/18870",0.172185430463576,1.71730394970808,5.15863289073715,1.33335118928039e-06,0.000607531945458541,NA,"DSCAM/TIAM2/EPHB2/WNT7A/MAGI2/PLK5/PTK6/CX3CL1/TBX6/BCL11A/PAK3/TNN/PTK7/TRIM67/CDKL5/CSMD3/RND2/ZDHHC15/CNTN1/NEDD4/CD38/CDH2/PLXND1/SEMA5A/LPAR3/SNAP25/GFAP/SEMA3E/VLDLR/DAB2IP/ATP8A2/NEGR1/TRIM46/LRRC7/PTPRO/EPHA3/DPYSL5/SPP1/CRMP1/ARHGAP35/NTNG1/FZD4/MBOAT1/MYCBP2/HECW1/LIMK1/SERPINF1/MAPT/ATP1B2/TRPC5/SEMA5B/EFNA5/CNTN2/TNR/NTRK2/CHN1/EPHA4/RELN/KIF1A/EPHA7/SEMA6D/FAT3/SEMA3C/DPYSL3/FGF13/DRAXIN/SHANK3/RGMA/SEMA6B/RTN4R/CHRNA3/ROBO2/THY1/MARK1/SS18L1/SYNGAP1/STX1B/SRCIN1",78
"GO:0050770","regulation of axonogenesis","36/1892","157/18870",0.229299363057325,2.28693392224721,5.40537849689357,1.66034605741542e-06,0.0007060898333502,NA,"DSCAM/TIAM2/EPHB2/WNT7A/PAK3/CDKL5/RND2/CDH2/PLXND1/SEMA5A/LPAR3/SEMA3E/TRIM46/SPP1/ARHGAP35/LIMK1/MAPT/TRPC5/SEMA5B/EFNA5/CNTN2/TNR/NTRK2/CHN1/EPHA4/EPHA7/SEMA6D/SEMA3C/FGF13/DRAXIN/RGMA/SEMA6B/RTN4R/ROBO2/THY1/SYNGAP1",36
"GO:0071805","potassium ion transmembrane transport","45/1892","217/18870",0.207373271889401,2.06825245272357,5.28349333729601,1.77464136928424e-06,0.000707527330916512,NA,"ANK2/KCNMB4/RGS7/KCNRG/SLC24A4/SLC12A3/SLC9A7/ATP1A3/KCNJ2/KCNJ16/NEDD4/KCNAB2/KCNS1/TMEM38A/SLC9A4/KCNQ5/SNAP25/KCNJ11/SLC1A3/OPRK1/ABCC8/KCNC2/ATP1B2/KCNN3/KCNB1/AKAP6/KCND3/KCNE1/WNK4/KCNJ3/KCNG1/NALCN/RNF207/ANK3/KCNE4/LRRC38/KCNJ6/KCNMB1/KCNH5/KCNG4/KCNA7/KCNA3/KCNV1/SLC12A1/SLC12A9",45
"GO:0006813","potassium ion transport","48/1892","241/18870",0.199170124481328,1.98643776372233,5.14487921683428,2.70916411682046e-06,0.000927658132584693,NA,"ANK2/KCNMB4/RGS7/KCNRG/SLC24A4/SLC12A3/SLC9A7/ATP1A3/ATP1B4/KCNJ2/KCNJ16/NEDD4/KCNAB2/KCNS1/TMEM38A/SLC9A4/KCNQ5/SNAP25/KCNJ11/SLC1A3/OPRK1/GCK/ABCC8/KCNC2/ATP1B2/KCNN3/KCNB1/AKAP6/KCND3/KCNE1/WNK4/KCNJ3/KCNG1/NALCN/RNF207/ANK3/KCNE4/LRRC38/KCNJ6/KCNMB1/KCNH5/KCNG4/KCNA7/KCNA3/KCNV1/SLC12A1/SLC12A9/NOS1",48
"GO:0034329","cell junction assembly","76/1892","446/18870",0.170403587443946,1.6995326083865,4.99085754924494,2.71091570121281e-06,0.000927658132584693,NA,"DSCAM/PCLO/APLNR/CLDN19/IL1B/EPHB2/WNT7A/NPHP1/CLSTN2/ANK2/CDH15/SIX4/WDPCP/ADD2/TLN2/NRXN2/CDH12/GABRB2/EPB41L3/CDH11/SPTBN2/CDH2/PLXND1/FLRT2/CDH3/PECAM1/PCDHB14/SNAP25/PRKCA/NEGR1/PTPRO/EPHA3/HRG/ACVRL1/ERBB4/CDH18/SH3BP1/LINGO2/GJC1/MDGA1/ACE/PTPRJ/NRXN1/MYCBP2/SRGAP2C/CDH13/GPBAR1/MARVELD2/PATJ/DST/EFNA5/PCDHB13/PCDHB9/PCDHB2/NLGN3/ECT2/NTRK2/GRIA1/FARP1/EPHA7/SNCA/MARVELD3/ARHGEF15/FGF13/SHANK3/MEF2C/ROBO2/THY1/GABRB3/AGRN/MPP7/LRFN3/HAPLN4/AJUBA/PCDHB16/CDH6",76
"GO:0007416","synapse assembly","42/1892","200/18870",0.21,2.09445031712474,5.19434311684722,2.76305134333111e-06,0.000927658132584693,NA,"DSCAM/PCLO/EPHB2/WNT7A/CLSTN2/SIX4/ADD2/NRXN2/GABRB2/SPTBN2/CDH2/PLXND1/FLRT2/PCDHB14/SNAP25/NEGR1/ERBB4/LINGO2/MDGA1/NRXN1/MYCBP2/SRGAP2C/EFNA5/PCDHB13/PCDHB9/PCDHB2/NLGN3/NTRK2/GRIA1/FARP1/EPHA7/SNCA/ARHGEF15/FGF13/SHANK3/MEF2C/ROBO2/GABRB3/AGRN/LRFN3/HAPLN4/PCDHB16",42
"GO:0043270","positive regulation of monoatomic ion transport","44/1892","214/18870",0.205607476635514,2.05064116496414,5.15992960312197,2.91852113391756e-06,0.000930862315663007,NA,"APLNR/AKAP5/EPHB2/ANK2/DMD/RGS7/HAP1/CX3CL1/RYR2/P2RX7/TRPV3/ABCB1/FGF12/CNTN1/KCNJ2/CAMK2A/OPRK1/MYLK/ABCC8/CAPN3/KCNC2/ATP1B2/CACNB2/AKAP6/NLGN3/LILRA5/P2RY6/RELN/KCNE1/JPH2/RNF207/SNCA/ANK3/LRRC38/P2RX5/FGF13/KCNMB1/SCN3B/SHANK3/SLC6A4/GRM6/THY1/NOS1/CCR1",44
"GO:0000280","nuclear division","75/1892","441/18870",0.170068027210884,1.69618587392674,4.93838972417947,3.39002191489816e-06,0.00102975951405406,NA,"CENPF/PRC1/EHMT2/IL1B/MEIOC/CDT1/RNF212/EREG/FANCM/ATM/NDC80/BUB1B/CD28/HSPA1B/KIF11/SPC25/CEP97/TERB1/TOP2A/NUSAP1/CDC14C/KNL1/BRDT/TDRD12/RAD54B/MTBP/RBM46/KIF18B/MOV10L1/SPIRE2/SYCP1/SPAST/AURKA/AURKB/NEK2/CDC14B/FBXO43/CHEK2/CENPI/ASPM/ZNF541/DLGAP5/ASZ1/BIRC5/ARHGEF10/MSH5/PRDM7/SMPD3/FANCD2/PIWIL2/KIF4A/CCNB2/BRIP1/CHEK1/TESMIN/KIF14/SHCBP1L/KCTD19/SEPTIN1/MISP/USP44/ERCC4/UBE2C/EPGN/SGO1/DMC1/TPX2/FMN2/PLCB1/IGF1/TEX15/TEX11/SPC24/HSPA1A/IHO1",75
"GO:0050890","cognition","58/1892","317/18870",0.182965299684543,1.82481776165292,4.94392993069799,4.48852315664535e-06,0.00128310906842085,NA,"EHMT2/EPHB2/CLSTN2/CCND2/LGMN/LDLR/S100B/ADCY1/SHISA7/NRXN2/GRIN2B/RASGRF1/PTCHD1/STRA6/ZNF385A/DNAH11/CSMD1/ITGA8/CAMK4/JAKMIP1/SNAP25/VLDLR/EGR2/TMOD2/SLC7A11/OPRK1/GPR155/ABCC8/NRXN1/GRIN2A/SERPINF1/TAFA2/MAPT/PRKN/CNTN2/SHROOM4/NLGN3/TNR/NTRK2/RELN/DOP1B/GRIA1/TUSC3/FGF13/SCN2A/SHANK3/SLC6A1/MEF2C/TTBK1/DLG4/SLC6A4/PLCB1/NRXN3/GPR158/SYNGAP1/MAPK8IP2/SLC2A4/RTL4",58
"GO:0019932","second-messenger-mediated signaling","57/1892","310/18870",0.183870967741935,1.83385050808157,4.94164794920069,4.6263534368521e-06,0.00128310906842085,NA,"APLNR/AKAP5/GUCA1A/ANK2/DMD/ERBB3/SLC24A4/RYR2/P2RX7/ADCY1/RCAN2/SELE/CCR4/PLCE1/GRIN2B/GRIN2C/CGAS/TMEM38A/PDE3B/PEX5L/ADA/GUCY1A1/KCNJ11/EFHB/KSR2/RCAN3/PDE4D/PTPRJ/ADCY2/SLC8A1/KCNC2/NEUROD1/GRIN2A/CDH13/MAPT/RUNDC3A/AKAP6/NMUR1/NR5A2/PDE7A/CHRM3/P2RX5/SLA2/GBP1/CLEC7A/CXCR5/TRPM8/CXCR2/TBXA2R/CCR6/NOS1/FPR2/AVPR1A/FCGR3A/IGF1/CCR1/PDE10A",57
"GO:0002764","immune response-regulating signaling pathway","81/1892","500/18870",0.162,1.61571881606765,4.65805479755111,9.36208113931241e-06,0.00248836314948641,NA,"TYRO3/CACNB4/FCHO1/PSG9/KLRD1/TSPAN6/HHLA2/LCK/THEMIS/PAK3/PLA2G6/CD28/HSPA1B/PIGR/LRRC19/TXK/TLR7/KLRC1/NOD2/CLEC4E/HLA-A/CGAS/TMIGD2/USP17L2/CD38/TLR5/FFAR2/TLR6/ADA/SLC15A2/CARD11/ICOSLG/PLPP4/DAB2IP/HAVCR2/INAVA/C5AR2/AIM2/RIGI/SOS1/PDE4D/PTPRJ/FBXL2/LIMK1/TNIP3/FCGR1A/OASL/NLRP1/RSAD2/ESR1/PAWR/TLR10/BLNK/AP3B1/COLEC12/BTNL9/MEFV/CD3G/NAIP/MAPK10/SLA2/FYB2/GBP1/NFAM1/MEF2C/CLEC7A/CR2/MAP2K6/PRKCQ/CD226/THY1/CR1/FPR2/FCGR3A/LILRB1/GBP5/PRAM1/SCIMP/OAS3/HSPA1A/NLRC3",81
"GO:0007611","learning or memory","51/1892","274/18870",0.186131386861314,1.85639496304069,4.76684862290132,1.01362487047724e-05,0.00258636521950973,NA,"EHMT2/EPHB2/CLSTN2/CCND2/LGMN/LDLR/S100B/ADCY1/SHISA7/NRXN2/GRIN2B/RASGRF1/PTCHD1/STRA6/ZNF385A/DNAH11/CSMD1/ITGA8/CAMK4/SNAP25/VLDLR/EGR2/TMOD2/SLC7A11/OPRK1/ABCC8/NRXN1/GRIN2A/SERPINF1/TAFA2/MAPT/PRKN/CNTN2/NLGN3/TNR/NTRK2/RELN/GRIA1/FGF13/SCN2A/SHANK3/SLC6A1/MEF2C/TTBK1/DLG4/SLC6A4/PLCB1/NRXN3/SYNGAP1/MAPK8IP2/SLC2A4",51
"GO:0048285","organelle fission","79/1892","488/18870",0.161885245901639,1.61457430769764,4.59176522186835,1.23414168135171e-05,0.00302791914820867,NA,"CENPF/PRC1/EHMT2/IL1B/MEIOC/CDT1/RNF212/EREG/FANCM/ATM/NDC80/BUB1B/CD28/HSPA1B/KIF11/SPC25/PPARG/CEP97/TERB1/TOP2A/NUSAP1/CDC14C/KNL1/BRDT/TDRD12/RAD54B/MTBP/RBM46/KIF18B/MOV10L1/MAPT/SPIRE2/SYCP1/SPAST/AURKA/PRKN/AURKB/NEK2/CDC14B/FBXO43/CHEK2/CENPI/ASPM/ZNF541/DLGAP5/ASZ1/BIRC5/ARHGEF10/MSH5/AP3B1/PRDM7/SMPD3/FANCD2/PIWIL2/KIF4A/CCNB2/BRIP1/CHEK1/TESMIN/KIF14/SHCBP1L/KCTD19/SEPTIN1/MISP/USP44/ERCC4/UBE2C/EPGN/SGO1/DMC1/TPX2/FMN2/PLCB1/IGF1/TEX15/TEX11/SPC24/HSPA1A/IHO1",79
"GO:0034767","positive regulation of monoatomic ion transmembrane transport","34/1892","158/18870",0.215189873417722,2.14621189819895,4.82975493641427,1.37910302725981e-05,0.00325825859662606,NA,"APLNR/AKAP5/EPHB2/ANK2/DMD/RGS7/HAP1/CX3CL1/RYR2/P2RX7/ABCB1/KCNJ2/OPRK1/CAPN3/KCNC2/ATP1B2/CACNB2/AKAP6/NLGN3/P2RY6/RELN/KCNE1/JPH2/RNF207/SNCA/ANK3/LRRC38/P2RX5/FGF13/KCNMB1/SHANK3/GRM6/THY1/NOS1",34
"GO:0061098","positive regulation of protein tyrosine kinase activity","12/1892","30/18870",0.4,3.98942917547569,5.47016202843502,1.53628853128324e-05,0.00343337752768539,NA,"ERBB3/CASS4/NCF1/NOX4/ACE/FCGR1A/LILRA5/EPHA4/RELN/EPGN/DLG4/SRCIN1",12
"GO:1903046","meiotic cell cycle process","42/1892","214/18870",0.196261682242991,1.95743020292031,4.70215008864633,1.61443534192148e-05,0.00343337752768539,NA,"EHMT2/MEIOC/RNF212/EREG/FANCM/ATM/NDC80/SPATA17/CDC25A/TERB1/TOP2A/USP17L2/BRDT/TDRD12/RAD54B/RBM46/MOV10L1/SPIRE2/SYCP1/AURKA/FBXO43/ASPM/ZNF541/ASZ1/MSH5/PRDM7/FANCD2/PIWIL2/CCNB2/BRIP1/TESMIN/SHCBP1L/KCTD19/SEPTIN1/ERCC4/SGO1/DMC1/FMN2/PLCB1/TEX15/TEX11/IHO1",42
"GO:0006836","neurotransmitter transport","41/1892","207/18870",0.198067632850242,1.9754419830254,4.71072369898597,1.61469393056218e-05,0.00343337752768539,NA,"SLC29A4/PCLO/CACNB4/WNT7A/SYP/KCNMB4/RPH3A/P2RX7/GDNF/SLC6A15/NRXN2/SLC6A16/DOC2A/FER1L5/SNAP25/GFAP/CAMK2A/SLC1A3/ABCC8/SLC28A2/NRXN1/RIMS2/GRM4/PRKN/CHRNB4/SLC6A11/SYT5/SNCA/SYN3/SLC18A1/SV2A/SLC6A1/MEF2C/RAB3B/SLC6A4/CHRNA3/NOS1/GPR158/STX1B/MYOF/CADPS",41
"GO:0007215","glutamate receptor signaling pathway","16/1892","50/18870",0.32,3.19154334038055,5.17984781221683,1.74904221075508e-05,0.00359524387958116,NA,"CX3CL1/GRIK2/GRIN2B/GRIN2C/FRRS1L/GRM7/GRIN2A/GRIA2/GRM4/KCNB1/GRIA3/GRIA1/GRM3/SHANK3/GRM6/PLCB1",16
"GO:0140013","meiotic nuclear division","39/1892","194/18870",0.201030927835052,2.00499662169526,4.69694287073801,1.803539804775e-05,0.00359524387958116,NA,"EHMT2/MEIOC/RNF212/EREG/FANCM/ATM/NDC80/TERB1/TOP2A/BRDT/TDRD12/RAD54B/RBM46/MOV10L1/SPIRE2/SYCP1/AURKA/FBXO43/ASPM/ZNF541/ASZ1/MSH5/PRDM7/FANCD2/PIWIL2/CCNB2/BRIP1/TESMIN/SHCBP1L/KCTD19/SEPTIN1/ERCC4/SGO1/DMC1/FMN2/PLCB1/TEX15/TEX11/IHO1",39
"GO:0001505","regulation of neurotransmitter levels","38/1892","188/18870",0.202127659574468,2.0159349556925,4.67331320033089,2.02069748285752e-05,0.00390606946762065,NA,"SLC29A4/PCLO/CACNB4/WNT7A/SYP/KCNMB4/RPH3A/P2RX7/GDNF/NRXN2/DOC2A/FER1L5/SNAP25/GFAP/CAMK2A/SLC1A3/ABCC8/NRXN1/RIMS2/GRM4/PRKN/CHRNB4/SLC6A11/SYT5/SNCA/SYN3/SLC18A1/SV2A/SLC6A1/MEF2C/RAB3B/SLC6A4/CHRNA3/NOS1/GPR158/STX1B/MYOF/CADPS",38
"GO:0048168","regulation of neuronal synaptic plasticity","17/1892","56/18870",0.303571428571429,3.02769178495923,5.07279286067032,2.10104802474326e-05,0.00394193686759919,NA,"EPHB2/SYP/S100B/SHISA7/GRIK2/GRIN2B/RASGRF1/GRIN2C/CAMK2A/EGR2/GRIN2A/CNTN2/SNCA/SHANK3/DLG4/SYNGAP1/SHISA9",17
"GO:0019722","calcium-mediated signaling","41/1892","210/18870",0.195238095238095,1.94722138326789,4.60783654538259,2.30281857694818e-05,0.00419705134352927,NA,"AKAP5/ANK2/DMD/ERBB3/SLC24A4/RYR2/P2RX7/RCAN2/SELE/CCR4/PLCE1/GRIN2B/GRIN2C/TMEM38A/ADA/KCNJ11/EFHB/KSR2/RCAN3/PTPRJ/SLC8A1/GRIN2A/CDH13/MAPT/AKAP6/NMUR1/NR5A2/CHRM3/P2RX5/SLA2/GBP1/CLEC7A/CXCR5/TRPM8/CXCR2/CCR6/FPR2/AVPR1A/FCGR3A/IGF1/CCR1",41
"GO:0007613","memory","28/1892","123/18870",0.227642276422764,2.27040684783169,4.71868770684834,2.63104010573205e-05,0.00466205689846243,NA,"EHMT2/CCND2/LGMN/LDLR/S100B/ADCY1/SHISA7/RASGRF1/PTCHD1/CSMD1/ITGA8/CAMK4/SNAP25/VLDLR/ABCC8/GRIN2A/SERPINF1/TAFA2/MAPT/RELN/GRIA1/FGF13/SCN2A/SHANK3/SLC6A1/SLC6A4/PLCB1/SLC2A4",28
"GO:0043113","receptor clustering","17/1892","57/18870",0.298245614035088,2.9745743852231,4.9839496087945,2.71653414262469e-05,0.00468345170156835,NA,"MAGI2/SHISA7/PIGR/GRIK2/NRXN2/CDH2/FRRS1L/LRRC7/SLC7A11/NRXN1/RELN/ITGAL/SHANK3/DLG4/THY1/AGRN/SYNGAP1",17
"GO:0098739","import across plasma membrane","41/1892","212/18870",0.193396226415094,1.9288513702182,4.54018297524083,2.90108460350778e-05,0.00478800555242544,NA,"AKAP5/LRP2/SLC24A4/SLC6A14/SLC16A2/IRS2/SLC12A3/TRPV3/SLC9A7/ATP1A3/SCN11A/KCNJ2/KCNJ16/SCN3A/SLC6A20/SLC2A5/SCN9A/SLC9A4/SLC15A2/KCNJ11/GFAP/STEAP2/SLC1A3/SLC7A11/ABCC8/SLC8A1/ATP1B2/SLC15A1/SLC43A2/SCNN1A/SCN1A/KCNJ3/KCNJ6/SCN2A/SLC6A1/CACNA1E/CACNA1A/CACNA1F/SLC12A1/GRM6/LRRC8E",41
"GO:0010959","regulation of metal ion transport","66/1892","398/18870",0.165829145728643,1.65390908028515,4.40142887056124,2.92729607375125e-05,0.00478800555242544,NA,"APLNR/CACNB4/AKAP5/ANK2/DMD/RGS7/HAP1/KCNRG/CX3CL1/TMC2/RYR2/P2RX7/TRPV3/HFE/FGF12/CNTN1/KCNJ2/NEDD4/KCNAB2/KCNS1/TMEM38A/TMC1/CAMK2A/PLPP4/EFHB/OPRK1/MYLK/GCK/ABCC8/PDE4D/ACE/PTPN3/SLC8A1/CAPN3/KCNC2/HECW1/ATP1B2/CACNB2/AKAP6/EPB41/LILRA5/GRAMD2A/ATP7A/P2RY6/KCNE1/WNK4/JPH2/KCNG1/RNF207/SNCA/ANK3/KCNE4/NKAIN3/LRRC38/P2RX5/FGF13/KCNMB1/FGF14/OPRD1/SCN3B/GRM6/THY1/NOS1/LILRB1/CCR1/SCN2B",66
"GO:0031644","regulation of nervous system process","27/1892","119/18870",0.226890756302521,2.26291150709755,4.61345116492884,3.87053602646004e-05,0.00613395020165635,NA,"CHRNA2/DLGAP1/WNT7A/SPX/ABAT/GLRA1/GRIK2/FGF12/GRIN2B/GRIN2C/JAM2/EGR2/FIG4/NRXN1/RIMS2/GRIN2A/NLGN3/TNR/CHRNB4/RELN/TENM4/SHANK3/GPR171/DLG4/AVPR1A/NCMAP/STX1B",27
"GO:0086002","cardiac muscle cell action potential involved in contraction","16/1892","53/18870",0.30188679245283,3.01088994375524,4.89376136803444,3.9424981700566e-05,0.00613395020165635,NA,"ANK2/RYR2/FGF12/KCNJ2/DSG2/GJC1/CACNB2/CTNNA3/KCND3/SCN1A/KCNE1/KCNJ3/RNF207/KCNE4/SCN3B/SCN2B",16
"GO:0086001","cardiac muscle cell action potential","20/1892","76/18870",0.263157894736842,2.62462445754979,4.73742028674201,4.17622073559939e-05,0.00634288382675917,NA,"ANK2/DMD/RYR2/FGF12/KCNJ2/DSG2/GJC1/SLC8A1/CACNB2/CTNNA3/KCND3/SCN1A/KCNE1/KCNJ3/RNF207/ANK3/KCNE4/FGF13/SCN3B/SCN2B",20
"GO:0050806","positive regulation of synaptic transmission","35/1892","174/18870",0.201149425287356,2.00617846467887,4.45109676684316,4.68234139433089e-05,0.00694619901265971,NA,"AKAP5/EPHB2/CLSTN2/LGMN/HAP1/CACNG5/ADCY1/SHISA7/LGI1/GRIK2/LAMA2/GRIN2B/IQSEC2/GRIN2C/SNAP25/GFAP/SLC1A3/ADRA1A/NRXN1/RIMS2/GRIN2A/NLGN3/TNR/NTRK2/EPHA4/RELN/GRIA1/NALCN/SNCA/SHANK3/DLG4/CYP46A1/NSG1/GPR158/STX1B",35
"GO:0032412","regulation of monoatomic ion transmembrane transporter activity","43/1892","231/18870",0.186147186147186,1.85655253837072,4.37260690109351,4.85207473822239e-05,0.00703440562616378,NA,"CACNB4/EPHB2/ANK2/DMD/HAP1/KCNRG/RYR2/CACNG5/SHISA7/ABCB1/GSG1L/FGF12/NEDD4/KCNS1/OPRM1/TCAF2/PDE4D/PTPN3/HECW1/ATP1B2/CACNB2/AKAP6/NLGN3/P2RY6/RELN/KCNE1/JPH2/KCNG1/RNF207/ANK3/KCNE4/CHRM3/LRRC38/FGF13/FGF14/SCN3B/SHANK3/MEF2C/DLG4/NOS1/MAPK8IP2/SHISA9/SCN2B",43
"GO:1902414","protein localization to cell junction","25/1892","108/18870",0.231481481481481,2.30869743951139,4.55305931678697,5.19662081477948e-05,0.0072699479908302,NA,"CGNL1/PCLO/WNT7A/ERBB2/LGI1/NRXN2/ZDHHC15/IQSEC2/GRIN2C/KIF5C/PECAM1/SNAP25/LRRC7/ERBB4/NRXN1/GRIN2A/MAPT/MPP4/RELN/MARVELD3/DLG4/NSG1/MPP7/STX1B/NECTIN3",25
"GO:0022898","regulation of transmembrane transporter activity","44/1892","239/18870",0.184100418410042,1.83613895105576,4.34261238344967,5.2424769960525e-05,0.0072699479908302,NA,"CACNB4/EPHB2/ANK2/DMD/HAP1/KCNRG/RYR2/CACNG5/SHISA7/ABCB1/GSG1L/FGF12/NEDD4/KCNS1/OPRM1/TCAF2/PDE4D/PTPN3/HECW1/ATP1B2/CACNB2/AKAP6/NLGN3/P2RY6/RELN/KCNE1/JPH2/KCNG1/RNF207/SNCA/ANK3/KCNE4/CHRM3/LRRC38/FGF13/FGF14/SCN3B/SHANK3/MEF2C/DLG4/NOS1/MAPK8IP2/SHISA9/SCN2B",44
"GO:0006814","sodium ion transport","45/1892","248/18870",0.181451612903226,1.80972089613312,4.28489091381447,6.22141173601059e-05,0.00812929694732736,NA,"CLCNKB/DMD/SLC13A3/SLC24A4/P2RX7/SLC6A14/SLC13A1/SLC12A3/SLC9A7/ATP1A3/SLC6A15/FGF12/SCN11A/ATP1B4/SLC6A16/CNTN1/NEDD4/SCN3A/SLC6A20/SCN9A/SLC9A4/SLC13A5/PTPN3/SLC8A1/SLC6A19/HECW1/ATP1B2/SCNN1A/SCN1A/WNK4/NALCN/SLC6A11/ANK3/SLC5A5/NKAIN3/FGF13/SCN2A/FGF14/SCN3B/SLC6A1/SLC12A1/SLC6A4/SLC4A5/NOS1/SCN2B",45
"GO:0035418","protein localization to synapse","20/1892","78/18870",0.256410256410256,2.5573263945357,4.60078763579525,6.23878201469908e-05,0.00812929694732736,NA,"PCLO/WNT7A/ERBB2/LGI1/NRXN2/ZDHHC15/IQSEC2/GRIN2C/KIF5C/SNAP25/LRRC7/ERBB4/NRXN1/GRIN2A/MAPT/MPP4/RELN/DLG4/NSG1/STX1B",20
"GO:0099505","regulation of presynaptic membrane potential","11/1892","29/18870",0.379310344827586,3.78307939053729,5.00684749239147,6.24448268410473e-05,0.00812929694732736,NA,"KCNMB4/GLRA1/GRIK2/GRIN2B/KCNQ5/KCNJ11/KCNC2/GRIA3/SCN1A/GRIA1/KCNJ3",11
"GO:0097553","calcium ion transmembrane import into cytosol","39/1892","205/18870",0.190243902439024,1.89741143711649,4.31267049069189,6.53937975539751e-05,0.00834294069193614,NA,"APLNR/PLCB4/AKAP5/ANK2/DMD/HAP1/CX3CL1/SLC24A4/RYR2/P2RX7/LCK/TRPV3/MCOLN3/PLCE1/SCN11A/GRIN2B/GRIN2C/SCN3A/TMEM38A/SCN9A/ADRA1A/PDE4D/SLC8A1/CAPN3/GRIN2A/AKAP6/P2RY6/SCN1A/JPH2/SNCA/P2RX5/SCN2A/CACNA1E/CACNA1A/CACNA1F/GRM6/PLCB1/THY1/NOS1",39
"GO:0002757","immune response-activating signaling pathway","74/1892","473/18870",0.156448202959831,1.56034756334673,4.12008615455088,7.2638443400634e-05,0.00908550255789498,NA,"TYRO3/CACNB4/FCHO1/KLRD1/TSPAN6/HHLA2/LCK/THEMIS/PAK3/PLA2G6/CD28/HSPA1B/LRRC19/TXK/TLR7/KLRC1/NOD2/CLEC4E/HLA-A/CGAS/TMIGD2/USP17L2/CD38/TLR5/FFAR2/TLR6/ADA/SLC15A2/CARD11/ICOSLG/PLPP4/DAB2IP/HAVCR2/INAVA/C5AR2/AIM2/RIGI/SOS1/PDE4D/PTPRJ/FBXL2/LIMK1/TNIP3/OASL/NLRP1/RSAD2/ESR1/PAWR/TLR10/BLNK/AP3B1/COLEC12/BTNL9/MEFV/CD3G/NAIP/SLA2/FYB2/GBP1/NFAM1/MEF2C/CLEC7A/CR2/MAP2K6/CD226/THY1/CR1/FPR2/GBP5/PRAM1/SCIMP/OAS3/HSPA1A/NLRC3",74
"GO:0008038","neuron recognition","14/1892","45/18870",0.311111111111111,3.10288935870331,4.71462257549101,8.23547610566992e-05,0.0100851416083271,NA,"DSCAM/EPHB2/TNN/PLXND1/MYPN/SEMA5A/ROBO4/NEXN/EPHA3/CNTN4/ARHGAP35/CNTN2/EPHA4/ROBO2",14
"GO:0035249","synaptic transmission, glutamatergic","25/1892","111/18870",0.225225225225225,2.24630021141649,4.39613539903193,8.37925231605792e-05,0.0100851416083271,NA,"CACNB4/CACNG5/GRIK2/GRIN2B/IQSEC2/GRIN2C/CDH2/FRRS1L/ABCC8/NRXN1/GRM7/GRIN2A/GRIA2/GRM4/PRKN/NLGN3/TNR/GRIA3/RELN/GRIA1/GRM3/SHANK3/MEF2C/GRM6/MAPK8IP2",25
"GO:0023061","signal release","75/1892","484/18870",0.15495867768595,1.54549167438366,4.05843806895819,8.91973999913881e-05,0.0105368558249086,NA,"PCLO/SLC16A1/CACNB4/IL1B/WNT7A/SYP/KCNMB4/RPH3A/ACVR2B/RASL10B/ABAT/GALR1/P2RX7/SLC16A2/IRS2/PLA2G6/HFE/GDNF/HNF4A/NRXN2/PPARG/DOC2A/FER1L5/CD38/OPRM1/FFAR2/GPR119/SNAP25/KCNJ11/CAMK2A/IRS1/SYT17/PFKM/PCSK5/HNF1A/OPRK1/SPP1/HNF1B/GCK/ABCC8/ACVR1C/FZD4/NRXN1/ILDR2/RIMS2/NEUROD1/GRM4/KCNB1/PRKN/EFNA5/RAB11FIP1/CHRNB4/WNK4/SMPD3/SUCNR1/SYT13/FGB/SYT5/SNCA/CHRM3/SYN3/ADIPOQ/SV2A/TGM2/MEF2C/IL11/MAP2K6/SLC6A4/CHRNA3/PLCB1/GPR158/LILRB1/STX1B/MYOF/CADPS",75
"GO:0030534","adult behavior","30/1892","145/18870",0.206896551724138,2.06349784938398,4.29142421639437,9.27739183059567e-05,0.0107600877249763,NA,"EHMT2/CACNB4/DMBX1/CCND2/ABAT/GLRA1/PREX2/GDNF/FGF12/NRXN2/RNF180/SPTBN2/OPRM1/BRS3/PPARA/SLC7A11/OPRK1/USP46/NRXN1/PRKN/CNTN2/NLGN3/CHRNB4/EPHA4/SCN1A/SNCA/OPRD1/SHANK3/CHRNA3/NRXN3",30
"GO:0044282","small molecule catabolic process","61/1892","375/18870",0.162666666666667,1.62236786469345,4.0637536250262,0.000101305930592406,0.01153983091516,NA,"SLC16A1/CYP2W1/ABAT/IRS2/SULT1B1/IDO2/FUT8/EHHADH/ALDH6A1/SULT2A1/CPT1C/ADA/HYKK/ASPA/CYP4F3/SLC16A3/DLST/IRS1/PPARA/ABCB11/PFKM/HNMT/PLIN5/FUT2/ARHGAP11B/CYP24A1/GCK/TAT/AFMID/AASS/LDHC/ADTRP/ENTPD7/CARNS1/MIOX/SCARB1/HSD17B6/ADA2/AGXT/ACADSB/XDH/KYNU/ACACB/UPB1/SDS/ADH4/AKR1B10/HOGA1/ADIPOQ/SARDH/ABHD1/ACADL/GALM/CYP46A1/AKR1D1/PIPOX/SULT1C4/LPIN3/NOS1/AICDA/APOBEC3D",61
"GO:0030900","forebrain development","65/1892","407/18870",0.15970515970516,1.59283105900442,4.03616360637893,0.000106247999786915,0.0118729973535348,NA,"TYRO3/WNT7B/TACC2/EPHB2/WNT7A/EOMES/NHLH2/HAP1/LRP2/EFHC1/MAS1/RFX4/AXL/FGFR2/PTCHD1/CDH2/SEMA5A/HERC1/DCLK1/SEMA3E/DAB2IP/FAT4/IGF2BP1/SZT2/STIL/SLC7A11/ERBB4/ARHGAP11B/FOXP2/ARHGAP35/SSTR3/MDGA1/SRGAP2C/KCNC2/CCDC85C/NEUROD1/ATP1B2/SSTR2/CNTN2/TNR/ASPM/NTRK2/NOTCH3/ATP7A/RELN/GRIA1/RPGRIP1L/CDON/WDR62/DIXDC1/KIF14/DNAH5/PCDH9/FGF13/DRAXIN/SCN2A/SHANK3/BCL11B/SEMA6B/RTN4R/KCNA3/ROBO2/HSD3B1/PLCB1/AVPR1A",65
"GO:0001822","kidney development","53/1892","314/18870",0.168789808917197,1.68343747054308,4.07674147551533,0.00010795326015128,0.0118729973535348,NA,"CENPF/WNT7B/MAGI2/ACVR2B/SIX4/LRP2/PBX1/WDPCP/TGFB2/PTK7/GDNF/PLCE1/HELLS/FGFR2/ANGPT1/EYA1/FREM2/AMER1/SIM1/STRA6/PLXND1/SMAD6/BMPER/ITGA8/PECAM1/CC2D2A/PTPRO/PCSK5/ERBB4/LIN28A/HNF1B/ACTA2/ACE/SERPINF1/SPRY1/DCHS2/ZBTB16/WNT9B/FOXC1/TBC1D32/GREB1L/NOTCH3/EPHA4/WNK4/RPGRIP1L/COL4A4/EPHA7/ADIPOQ/MEF2C/GCNT3/ROBO2/ADAMTS16/CXCR2",53
"GO:1904064","positive regulation of cation transmembrane transport","29/1892","141/18870",0.205673758865248,2.05130223561693,4.18284328072715,0.000134366681676043,0.0142869574920753,NA,"APLNR/AKAP5/ANK2/DMD/RGS7/HAP1/CX3CL1/RYR2/P2RX7/KCNJ2/OPRK1/CAPN3/KCNC2/ATP1B2/CACNB2/AKAP6/P2RY6/KCNE1/JPH2/RNF207/SNCA/ANK3/LRRC38/P2RX5/FGF13/KCNMB1/GRM6/THY1/NOS1",29
"GO:0032409","regulation of transporter activity","47/1892","271/18870",0.173431734317343,1.72973405209739,4.03920787486296,0.000134381164684828,0.0142869574920753,NA,"CACNB4/EPHB2/ANK2/DMD/HAP1/KCNRG/RYR2/CACNG5/SHISA7/ABCB1/GSG1L/FGF12/PPARG/NEDD4/KCNS1/OPRM1/TCAF2/PDE4D/PTPN3/HECW1/ATP1B2/CACNB2/AKAP6/NLGN3/P2RY6/RELN/KCNE1/JPH2/KCNG1/RNF207/SNCA/ANK3/SGK2/KCNE4/CHRM3/ADIPOQ/LRRC38/FGF13/FGF14/SCN3B/SHANK3/MEF2C/DLG4/NOS1/MAPK8IP2/SHISA9/SCN2B",47
"GO:0060078","regulation of postsynaptic membrane potential","30/1892","148/18870",0.202702702702703,2.02167019027484,4.16540470124285,0.000136695571039713,0.014294771273153,NA,"CHRNA2/WNT7A/ABAT/GLRA1/P2RX7/GRIK2/GABRD/GABRG3/GRIN2B/GRIN2C/GABRB2/CHRNA1/NRXN1/RIMS2/GRIN2A/GRIA2/NLGN3/CHRNB4/GRIA3/RELN/GRIA1/SNCA/P2RX5/SHANK3/MEF2C/HTR3B/DLG4/CHRNA3/STX1B/MAPK8IP2",30
"GO:0016339","calcium-dependent cell-cell adhesion via plasma membrane cell adhesion molecules","14/1892","47/18870",0.297872340425532,2.97085151365211,4.51596073016279,0.000139167407305398,0.0143185305032441,NA,"CDH15/CDH12/CDH11/CDH2/CDH3/PCDHB14/CDH18/CDH13/PCDHB13/PCDHB9/PCDHB2/AJUBA/PCDHB16/CDH6",14
"GO:0006816","calcium ion transport","69/1892","445/18870",0.155056179775281,1.54646411858327,3.89430221680746,0.00016454256066945,0.0166605872144512,NA,"APLNR/PLCB4/CACNB4/AKAP5/ANK2/DMD/HAP1/CX3CL1/TMC2/SLC24A4/RYR2/CACNG5/P2RX7/LCK/TRPV3/MCOLN3/PLCE1/SCN11A/GRIN2B/GRIN2C/SCN3A/OPRM1/TMEM38A/SCN9A/TRPM3/TMC1/CAMK2A/PLPP4/EFHB/CALCRL/MYLK/GCK/ADRA1A/PDE4D/ACE/SLC35G1/SLC8A1/CAPN3/GRIN2A/TMEM37/CACNB2/TRPC5/AKAP6/EPB41/LILRA5/GRAMD2A/NMUR1/P2RY6/TRPM6/SCN1A/JPH2/NALCN/CACHD1/SNCA/P2RX5/SCN2A/OPRD1/PKD1L2/CACNA1E/TRPM8/CACNA1A/CACNA1F/GRM6/PKD1L1/PLCB1/THY1/NOS1/LILRB1/CCR1",69
"GO:2000463","positive regulation of excitatory postsynaptic potential","11/1892","32/18870",0.34375,3.42841569767442,4.58957391008726,0.000175413680582857,0.0173296447864848,NA,"WNT7A/GRIN2B/GRIN2C/NRXN1/RIMS2/GRIN2A/NLGN3/RELN/SHANK3/DLG4/STX1B",11
"GO:0060560","developmental growth involved in morphogenesis","43/1892","244/18870",0.176229508196721,1.75763785394933,3.97638587806501,0.00017658361986542,0.0173296447864848,NA,"DSCAM/WNT7B/MAGI2/SIX4/S100B/AUTS2/BCL11A/TNN/PTK7/CDKL5/RND2/ADPRHL1/FGFR2/SEMA5A/LPAR3/DCLK1/SEMA3E/SYT17/TRIM46/SPP1/HNF1B/RIMS2/LIMK1/MAPT/SPRY1/TRPC5/SEMA5B/AURKA/PRKN/EFNA5/NLGN3/TNR/ESR1/EPHA7/CYFIP2/SEMA6D/CPNE5/SEMA3C/FGF13/DRAXIN/RGMA/SEMA6B/RTN4R",43
"GO:0070593","dendrite self-avoidance","7/1892","14/18870",0.5,4.98678646934461,4.98142908780358,0.000182980730308466,0.0176853648278441,NA,"DSCAM/TNN/MYPN/ROBO4/NEXN/CNTN4/CNTN2",7
"GO:0098659","inorganic cation import across plasma membrane","28/1892","137/18870",0.204379562043796,2.03839446922115,4.07202773118327,0.000194454068973315,0.0182415074408938,NA,"AKAP5/SLC24A4/SLC12A3/TRPV3/SLC9A7/ATP1A3/SCN11A/KCNJ2/KCNJ16/SCN3A/SCN9A/SLC9A4/KCNJ11/STEAP2/ABCC8/SLC8A1/ATP1B2/SCNN1A/SCN1A/KCNJ3/KCNJ6/SCN2A/SLC6A1/CACNA1E/CACNA1A/CACNA1F/SLC12A1/GRM6",28
"GO:0099587","inorganic ion import across plasma membrane","28/1892","137/18870",0.204379562043796,2.03839446922115,4.07202773118327,0.000194454068973315,0.0182415074408938,NA,"AKAP5/SLC24A4/SLC12A3/TRPV3/SLC9A7/ATP1A3/SCN11A/KCNJ2/KCNJ16/SCN3A/SCN9A/SLC9A4/KCNJ11/STEAP2/ABCC8/SLC8A1/ATP1B2/SCNN1A/SCN1A/KCNJ3/KCNJ6/SCN2A/SLC6A1/CACNA1E/CACNA1A/CACNA1F/SLC12A1/GRM6",28
"GO:0050771","negative regulation of axonogenesis","17/1892","66/18870",0.257575757575758,2.56895060541995,4.26233775771659,0.000204395047171006,0.0188961739986065,NA,"EPHB2/SEMA5A/SEMA3E/TRIM46/SPP1/SEMA5B/TNR/EPHA7/SEMA6D/SEMA3C/FGF13/DRAXIN/RGMA/SEMA6B/RTN4R/THY1/SYNGAP1",17
"GO:0003018","vascular process in circulatory system","46/1892","269/18870",0.171003717472119,1.70551804899518,3.89052191400068,0.000219840262700581,0.0194150307846441,NA,"SLC29A4/SLC16A1/KCNMB4/ITGA1/KNG1/P2RY2/SLC13A3/LRP2/SLC16A2/ABCB1/COMP/ANGPT1/CD38/SLC6A20/AKAP12/SLC15A2/GUCY1A1/SLC1A3/ABCC8/ARHGAP35/ACTA2/SLC28A2/ADRA1A/ACE/PTPRJ/SLC8A1/SLCO1C1/ATP1B2/MYLK3/FOXC1/VSTM4/FGB/ABCC3/CHRM3/SLC5A5/AVPR1B/KCNMB1/CPS1/SLC6A1/SLC6A4/CXCR2/TBXA2R/NOS1/AVPR1A/SLC2A4/UTS2R",46
"GO:1904062","regulation of monoatomic cation transmembrane transport","52/1892","315/18870",0.165079365079365,1.64643108829155,3.86223571582289,0.000220227936942934,0.0194150307846441,NA,"APLNR/CACNB4/AKAP5/ANK2/DMD/RGS7/HAP1/KCNRG/CX3CL1/TMC2/RYR2/P2RX7/FGF12/GRIN2B/GRIN2C/KCNJ2/NEDD4/KCNAB2/KCNS1/TMEM38A/TMC1/OPRK1/PDE4D/PTPN3/SLC8A1/CAPN3/KCNC2/HECW1/GRIN2A/ATP1B2/CACNB2/AKAP6/ATP7A/P2RY6/KCNE1/WNK4/JPH2/KCNG1/RNF207/SNCA/ANK3/KCNE4/LRRC38/P2RX5/FGF13/KCNMB1/FGF14/SCN3B/GRM6/THY1/NOS1/SCN2B",52
"GO:0097164","ammonium ion metabolic process","9/1892","23/18870",0.391304347826087,3.90270245426969,4.64982990728072,0.000222192341115723,0.0194150307846441,NA,"SLC29A4/RNF180/TPH1/CHDH/ALDH7A1/HNMT/GRIN2A/ENPP6/ATP7A",9
"GO:0043410","positive regulation of MAPK cascade","72/1892","474/18870",0.151898734177215,1.51497310461102,3.79056337320115,0.000226157729270982,0.0194150307846441,NA,"WNT7B/IL1B/WNT7A/IQGAP3/MID1/ITGA1/CX3CL1/ERBB2/P2RX7/TAOK1/TGFB2/NCF1/FGFR4/GHR/PLCE1/NOD2/FGFR2/ANGPT1/KLB/DENND2B/NOX4/OPRM1/CDH2/CCL26/BMPER/AKAP12/IAPP/SLC30A10/TLR6/LPAR3/OR2AT4/MARCO/PRKCA/DAB2IP/HAVCR2/INAVA/SH3RF2/ERBB4/OPRK1/MAPK3/ACTA2/ADRA1A/PTPRJ/RASGRP1/GPBAR1/GRM4/LPAR2/LILRA5/NTRK2/P2RY6/NEK10/XDH/FGB/CDON/GCNT2/AVPR1B/NAIP/FLT1/MEF2C/IL11/EPGN/TAB1/DOK6/MAP2K6/PLCB1/FPR2/IGF1/MAPK8IP2/SCIMP/CCL24/CCR1/TGFB3",72
"GO:0051960","regulation of nervous system development","71/1892","466/18870",0.152360515021459,1.51957870954278,3.79122829221447,0.000227495646646228,0.0194150307846441,NA,"DSCAM/IL1B/TIAM2/EPHB2/WNT7A/CLSTN2/LDLR/HAP1/CX3CL1/LRP2/CDKL5/RND2/CLCN2/JAM2/OPRM1/PLXND1/FLRT2/SEMA5A/ASPA/LPAR3/GFAP/NCAN/SEMA3E/EGR2/TRIM46/DPYSL5/LIN28A/LINGO2/SPP1/FIG4/ABCC8/FZD4/ACE/NRXN1/LIMK1/SERPINF1/MAPT/TRPC5/HES2/SEMA5B/EFNA5/NLGN3/TNR/ASPM/NTRK2/EPHA4/RELN/TENM4/EPHA7/XRCC2/CDON/WDR62/KIF14/SEMA6D/SEMA3C/HAPLN1/FGF13/DRAXIN/TGM2/SHANK3/RGMA/SEMA6B/RTN4R/TTBK1/ROBO2/THY1/SS18L1/AGRN/NCMAP/SYNGAP1/HAPLN4",71
"GO:0034764","positive regulation of transmembrane transport","39/1892","217/18870",0.179723502304147,1.79248545902709,3.91957128860167,0.000228268899333486,0.0194150307846441,NA,"APLNR/AKAP5/EPHB2/ANK2/DMD/RGS7/HAP1/CX3CL1/RYR2/P2RX7/IRS2/ABCB1/TERT/KCNJ2/IRS1/OPRK1/CAPN3/KCNC2/ATP1B2/CACNB2/AKAP6/NLGN3/P2RY6/RELN/KCNE1/JPH2/RNF207/SNCA/ANK3/ADIPOQ/LRRC38/P2RX5/FGF13/KCNMB1/SHANK3/GRM6/THY1/NOS1/IGF1",39
"GO:0051966","regulation of synaptic transmission, glutamatergic","19/1892","79/18870",0.240506329113924,2.39870741563412,4.15869643827691,0.000234749482447915,0.019703512480727,NA,"CACNG5/GRIK2/GRIN2B/IQSEC2/GRIN2C/CDH2/FRRS1L/NRXN1/GRM7/GRIN2A/GRM4/NLGN3/TNR/RELN/GRM3/SHANK3/MEF2C/GRM6/MAPK8IP2",19
"GO:0086010","membrane depolarization during action potential","10/1892","28/18870",0.357142857142857,3.56199033524615,4.52881673491561,0.000241230774725983,0.0198033566709128,NA,"ANK2/SCN11A/KCNJ2/PTPN3/SLC8A1/CACNB2/SCN1A/ANK3/SCN3B/SCN2B",10
"GO:0072001","renal system development","53/1892","324/18870",0.16358024691358,1.63147952392138,3.82735189388363,0.000242981847405884,0.0198033566709128,NA,"CENPF/WNT7B/MAGI2/ACVR2B/SIX4/LRP2/PBX1/WDPCP/TGFB2/PTK7/GDNF/PLCE1/HELLS/FGFR2/ANGPT1/EYA1/FREM2/AMER1/SIM1/STRA6/PLXND1/SMAD6/BMPER/ITGA8/PECAM1/CC2D2A/PTPRO/PCSK5/ERBB4/LIN28A/HNF1B/ACTA2/ACE/SERPINF1/SPRY1/DCHS2/ZBTB16/WNT9B/FOXC1/TBC1D32/GREB1L/NOTCH3/EPHA4/WNK4/RPGRIP1L/COL4A4/EPHA7/ADIPOQ/MEF2C/GCNT3/ROBO2/ADAMTS16/CXCR2",53
"GO:0070252","actin-mediated cell contraction","23/1892","105/18870",0.219047619047619,2.18468740561764,4.06364611671588,0.00024525241840447,0.0198033566709128,NA,"ANK2/RYR2/CCDC88C/FGF12/PARVA/KCNJ2/DSG2/GJC1/ACTA2/PDE4D/CACNB2/CTNNA3/KCND3/SCN1A/KCNE1/KCNJ3/RNF207/KCNE4/FGF13/SCN3B/MYH3/MYH8/SCN2B",23
"GO:0009308","amine metabolic process","25/1892","119/18870",0.210084033613445,2.09528843249773,4.00111937094689,0.000268585316263096,0.0214163216555287,NA,"SLC29A4/SULT1C2/ABAT/SATL1/GDPD1/SULT1B1/IDO2/TGFB2/RNF180/INMT/ATCAY/CHDH/ALDH7A1/HNMT/SLC7A11/SLC7A7/AFMID/AGMAT/GRIN2A/PRKN/OAZ3/ATP7A/KYNU/SNCA/RTL4",25
"GO:1902259","regulation of delayed rectifier potassium channel activity","8/1892","19/18870",0.421052631578947,4.19939913207967,4.65768131374596,0.000275746325815811,0.021715874226902,NA,"KCNRG/KCNS1/AKAP6/KCNE1/KCNG1/RNF207/ANK3/KCNE4",8
"GO:0008037","cell recognition","30/1892","154/18870",0.194805194805195,1.94290381922517,3.92204868793553,0.000283774643251212,0.0220755908451156,NA,"DSCAM/SPON2/EPHB2/CRTAM/TNN/PLXND1/ADAM32/MYPN/SEMA5A/PECAM1/ROBO4/NEXN/HAVCR2/EPHA3/CNTN4/ARHGAP35/FCGR1A/SCARB1/CNTNAP3/CNTN2/CLEC4M/EPHA4/COLEC12/ZAN/CD6/CLEC7A/PAEP/C4BPB/ROBO2/CD226",30
"GO:0001941","postsynaptic membrane organization","12/1892","39/18870",0.307692307692308,3.06879167344284,4.31721935127286,0.00029514620829197,0.0226835862975238,NA,"EPHB2/SHISA7/GDNF/NRXN2/CDH2/FRRS1L/SLC7A11/NRXN1/NLGN3/RELN/SHANK3/DLG4",12
"GO:0035825","homologous recombination","17/1892","68/18870",0.25,2.4933932346723,4.11830356100123,0.000300937488413276,0.022739075772043,NA,"BRCA1/RNF212/FANCM/ATM/TERB1/TOP2A/RAD54B/UHRF1/SYCP1/MSH5/PRDM7/FANCD2/NUCKS1/BRIP1/ERCC4/DMC1/TEX11",17
"GO:0050767","regulation of neurogenesis","61/1892","390/18870",0.156410256410256,1.55996910066678,3.73024302376906,0.000302997560843965,0.022739075772043,NA,"DSCAM/IL1B/TIAM2/EPHB2/WNT7A/LDLR/HAP1/CX3CL1/LRP2/CDKL5/RND2/CLCN2/OPRM1/PLXND1/SEMA5A/ASPA/LPAR3/GFAP/NCAN/SEMA3E/EGR2/TRIM46/DPYSL5/LIN28A/SPP1/ABCC8/FZD4/ACE/LIMK1/SERPINF1/MAPT/TRPC5/HES2/SEMA5B/EFNA5/TNR/ASPM/NTRK2/EPHA4/RELN/TENM4/EPHA7/XRCC2/CDON/WDR62/SEMA6D/SEMA3C/HAPLN1/FGF13/DRAXIN/TGM2/SHANK3/RGMA/SEMA6B/RTN4R/TTBK1/ROBO2/THY1/SS18L1/SYNGAP1/HAPLN4",61
"GO:0009582","detection of abiotic stimulus","28/1892","141/18870",0.198581560283688,1.98056767576807,3.90140986571556,0.000321042897243216,0.0238131702501683,NA,"AIPL1/CACNB4/GUCA1A/TMC2/SLC24A4/LHFPL5/RGR/GRIK2/PIEZO2/SCN11A/CDH2/SCN9A/TMC1/NPFFR2/ATP8A2/SAG/EYS/CNGB1/SEMA5B/SCN1A/ADGRV1/GRK4/PKD1L2/RP1/CACNA1F/GRM6/PKD1L1/STRC",28
"GO:0060079","excitatory postsynaptic potential","23/1892","107/18870",0.214953271028037,2.14385212700796,3.96097751700294,0.000327956616184204,0.0240463822372303,NA,"CHRNA2/WNT7A/GLRA1/P2RX7/GRIK2/GRIN2B/GRIN2C/CHRNA1/NRXN1/RIMS2/GRIN2A/NLGN3/CHRNB4/RELN/SNCA/P2RX5/SHANK3/MEF2C/HTR3B/DLG4/CHRNA3/STX1B/MAPK8IP2",23
"GO:0001504","neurotransmitter uptake","13/1892","45/18870",0.288888888888889,2.88125440451022,4.21772284359023,0.000334779239891999,0.0242676905826257,NA,"SLC29A4/GDNF/SNAP25/GFAP/SLC1A3/PRKN/SLC6A11/SNCA/SLC18A1/SLC6A1/RAB3B/SLC6A4/NOS1",13
"GO:0048167","regulation of synaptic plasticity","38/1892","214/18870",0.177570093457944,1.77100827883266,3.78659105969504,0.000349527996583714,0.0250521246090732,NA,"AKAP5/EPHB2/SYP/LGMN/S100B/CX3CL1/ADCY1/SHISA7/GRIK2/GRIN2B/RASGRF1/IQSEC2/GRIN2C/CD38/SNAP25/GFAP/CAMK2A/EGR2/CNTN4/ACE/RIMS2/GRIN2A/MAPT/KCNB1/CNTN2/TNR/NTRK2/EPHA4/RELN/GRIA1/SNCA/SHANK3/MEF2C/DLG4/CYP46A1/NSG1/SYNGAP1/SHISA9",38
"GO:0031345","negative regulation of cell projection organization","35/1892","192/18870",0.182291666666667,1.81809923361522,3.80349770278385,0.000354037879584051,0.025093418154074,NA,"EPHB2/TBX6/BCL11A/GRIN2B/CEP97/CD38/SEMA5A/GFAP/SEMA3E/TRIM46/PTPRO/HRG/DPYSL5/SPP1/CRMP1/SRGAP2C/MAK/TRPC5/SEMA5B/TNR/EPHA4/EPHA7/SEMA6D/FAT3/SEMA3C/DPYSL3/FGF13/DRAXIN/RGMA/ODF2L/SEMA6B/RTN4R/THY1/SYNGAP1/STX1B",35
"GO:0019226","transmission of nerve impulse","17/1892","69/18870",0.246376811594203,2.45725710083647,4.04820031665095,0.000362523807764834,0.0254125205465041,NA,"CLDN19/CACNB4/KCNMB4/GLRA1/CACNG5/GRIK2/OTOA/FGF12/SCN11A/CHRNA1/TNR/CHRNB4/NTRK2/SCN1A/GRIA1/ANK3/AVPR1A",17
"GO:0099565","chemical synaptic transmission, postsynaptic","24/1892","115/18870",0.208695652173913,2.08144130894384,3.88315820233241,0.000391161821451827,0.0271219702069696,NA,"CHRNA2/WNT7A/ABAT/GLRA1/P2RX7/GRIK2/GRIN2B/GRIN2C/CHRNA1/NRXN1/RIMS2/GRIN2A/NLGN3/CHRNB4/RELN/SNCA/P2RX5/SHANK3/MEF2C/HTR3B/DLG4/CHRNA3/STX1B/MAPK8IP2",24
"GO:0002367","cytokine production involved in immune response","25/1892","122/18870",0.204918032786885,2.04376494645271,3.86097415126733,0.000400496485397646,0.0273835953380114,NA,"SPON2/IL1B/TREM1/P2RX7/TGFB2/HFE/TLR7/HLA-F/AXL/NOD2/HLA-A/ANGPT1/IL10/FFAR2/INAVA/RIGI/ACP5/RSAD2/CLNK/CD96/CLEC7A/CD226/LILRB1/SCIMP/TGFB3",25
"GO:0006865","amino acid transport","29/1892","150/18870",0.193333333333333,1.92822410147992,3.81010804840236,0.000405352916240208,0.0273835953380114,NA,"CACNB4/ABAT/P2RX7/SLC6A14/SLC16A2/SLC6A15/SFXN1/SLC7A9/SLC6A20/GFAP/SLC1A3/SLC7A11/SLC7A7/ABCC8/GRM7/SLC6A19/SLC11A1/NTRK2/SLC43A2/SLC6A11/SNCA/SLC36A2/SV2A/SLC36A3/SLC6A1/SLC7A14/SLC3A1/LRRC8E/AVPR1A",29
"GO:0061982","meiosis I cell cycle process","27/1892","136/18870",0.198529411764706,1.98004756871036,3.82906814548782,0.000408642200032195,0.0273835953380114,NA,"EHMT2/MEIOC/RNF212/FANCM/ATM/NDC80/CDC25A/TERB1/TOP2A/USP17L2/BRDT/RAD54B/MOV10L1/SYCP1/AURKA/MSH5/PRDM7/FANCD2/PIWIL2/CCNB2/BRIP1/ERCC4/DMC1/FMN2/TEX15/TEX11/IHO1",27
"GO:0086003","cardiac muscle cell contraction","18/1892","76/18870",0.236842105263158,2.36216201179481,3.9720773120937,0.000414883133664301,0.0273835953380114,NA,"ANK2/RYR2/FGF12/KCNJ2/DSG2/GJC1/PDE4D/CACNB2/CTNNA3/KCND3/SCN1A/KCNE1/KCNJ3/RNF207/KCNE4/FGF13/SCN3B/SCN2B",18
"GO:0043266","regulation of potassium ion transport","22/1892","102/18870",0.215686274509804,2.15116279069767,3.89152276615918,0.000416398925817073,0.0273835953380114,NA,"ANK2/RGS7/KCNRG/KCNJ2/NEDD4/KCNAB2/KCNS1/OPRK1/GCK/ABCC8/KCNC2/ATP1B2/AKAP6/KCNE1/WNK4/KCNG1/RNF207/ANK3/KCNE4/LRRC38/KCNMB1/NOS1",22
"GO:0002719","negative regulation of cytokine production involved in immune response","11/1892","35/18870",0.314285714285714,3.13455149501661,4.21938922960859,0.000427604196087693,0.0275523956246807,NA,"TGFB2/HFE/HLA-F/AXL/NOD2/ANGPT1/IL10/ACP5/CD96/LILRB1/TGFB3",11
"GO:0086005","ventricular cardiac muscle cell action potential","11/1892","35/18870",0.314285714285714,3.13455149501661,4.21938922960859,0.000427604196087693,0.0275523956246807,NA,"ANK2/RYR2/DSG2/CTNNA3/KCND3/KCNE1/KCNJ3/RNF207/KCNE4/SCN3B/SCN2B",11
"GO:0007269","neurotransmitter secretion","28/1892","144/18870",0.194444444444444,1.93930584918957,3.77709151040573,0.000459195089669739,0.0288640479319376,NA,"PCLO/CACNB4/WNT7A/SYP/KCNMB4/RPH3A/P2RX7/NRXN2/DOC2A/FER1L5/SNAP25/CAMK2A/ABCC8/NRXN1/RIMS2/GRM4/PRKN/CHRNB4/SYT5/SNCA/SYN3/SV2A/MEF2C/CHRNA3/GPR158/STX1B/MYOF/CADPS",28
"GO:0099643","signal release from synapse","28/1892","144/18870",0.194444444444444,1.93930584918957,3.77709151040573,0.000459195089669739,0.0288640479319376,NA,"PCLO/CACNB4/WNT7A/SYP/KCNMB4/RPH3A/P2RX7/NRXN2/DOC2A/FER1L5/SNAP25/CAMK2A/ABCC8/NRXN1/RIMS2/GRM4/PRKN/CHRNB4/SYT5/SNCA/SYN3/SV2A/MEF2C/CHRNA3/GPR158/STX1B/MYOF/CADPS",28
"GO:2000311","regulation of AMPA receptor activity","9/1892","25/18870",0.36,3.59048625792812,4.32658230609886,0.000461535176212202,0.0288640479319376,NA,"CACNG5/SHISA7/GSG1L/NLGN3/RELN/SHANK3/MEF2C/MAPK8IP2/SHISA9",9
"GO:0007158","neuron cell-cell adhesion","7/1892","16/18870",0.4375,4.36343816067653,4.49296909055799,0.00050907233120016,0.0315278873856876,NA,"NRXN2/ASTN2/CNTN4/NRXN1/NLGN3/TNR/NRXN3",7
"GO:0009581","detection of external stimulus","27/1892","138/18870",0.195652173913043,1.95135122713485,3.74438153586087,0.000519643557194332,0.0318731370321408,NA,"AIPL1/CACNB4/GUCA1A/TMC2/SLC24A4/LHFPL5/RGR/GRIK2/PIEZO2/SCN11A/CDH2/SCN9A/TMC1/ATP8A2/SAG/EYS/CNGB1/SEMA5B/SCN1A/ADGRV1/GRK4/PKD1L2/RP1/CACNA1F/GRM6/PKD1L1/STRC",27
"GO:0045132","meiotic chromosome segregation","20/1892","91/18870",0.21978021978022,2.19199405245917,3.80496176745512,0.00057936086330063,0.0349298890898147,NA,"EHMT2/MEIOC/RNF212/ATM/NDC80/TERB1/SYCP1/AURKA/ASPM/MSH5/FANCD2/CCNB2/BRIP1/SEPTIN1/SGO1/DMC1/FMN2/TEX15/TEX11/IHO1",20
"GO:0007088","regulation of mitotic nuclear division","24/1892","118/18870",0.203389830508475,2.02852330956391,3.74130477946347,0.000580430826700165,0.0349298890898147,NA,"CENPF/IL1B/EREG/ATM/NDC80/BUB1B/CD28/SPC25/NUSAP1/KNL1/MTBP/AURKA/AURKB/NEK2/FBXO43/DLGAP5/BIRC5/SMPD3/CHEK1/USP44/UBE2C/EPGN/IGF1/SPC24",24
"GO:0070588","calcium ion transmembrane transport","55/1892","352/18870",0.15625,1.55837077167019,3.53011385139325,0.000599210712794873,0.0357230386627897,NA,"APLNR/PLCB4/CACNB4/AKAP5/ANK2/DMD/HAP1/CX3CL1/TMC2/SLC24A4/RYR2/CACNG5/P2RX7/LCK/TRPV3/MCOLN3/PLCE1/SCN11A/GRIN2B/GRIN2C/SCN3A/OPRM1/TMEM38A/SCN9A/TRPM3/TMC1/ADRA1A/PDE4D/SLC35G1/SLC8A1/CAPN3/GRIN2A/TMEM37/CACNB2/TRPC5/AKAP6/P2RY6/TRPM6/SCN1A/JPH2/NALCN/CACHD1/SNCA/P2RX5/SCN2A/PKD1L2/CACNA1E/TRPM8/CACNA1A/CACNA1F/GRM6/PKD1L1/PLCB1/THY1/NOS1",55
"GO:0002716","negative regulation of natural killer cell mediated immunity","8/1892","21/18870",0.380952380952381,3.79945635759589,4.28480374787706,0.000618182590245367,0.0365128402145852,NA,"KLRD1/HLA-F/KLRC1/HLA-A/MICA/HAVCR2/CD96/LILRB1",8
"GO:0002833","positive regulation of response to biotic stimulus","57/1892","369/18870",0.154471544715447,1.54063321817151,3.50114463139555,0.000641932728353214,0.0375677878363775,NA,"TYRO3/KLRD1/TSPAN6/EREG/RAET1E/CRTAM/PAK3/HSPA1B/LRRC19/TXK/TLR7/HLA-F/KLRC1/NOD2/CLEC4E/CD180/CGAS/USP17L2/TLR5/FFAR2/PYHIN1/TLR6/SLC15A2/PRKCA/DAB2IP/HAVCR2/TRIM41/INAVA/HRG/AIM2/RIGI/RASGRP1/FBXL2/TNIP3/OASL/NLRP1/RSAD2/NLRC5/ESR1/USP29/TLR10/AP3B1/CLNK/COLEC12/MEFV/NAIP/CLEC7A/MAP2K6/CD226/KLK3/FPR2/GBP5/SCIMP/SIGLEC16/OAS3/HSPA1A/NLRC3",57
"GO:0051962","positive regulation of nervous system development","47/1892","290/18870",0.162068965517241,1.61640664868411,3.53130477952127,0.000652204715281691,0.0377146673367749,NA,"DSCAM/IL1B/TIAM2/EPHB2/WNT7A/CLSTN2/HAP1/CX3CL1/LRP2/CDKL5/RND2/CLCN2/OPRM1/PLXND1/FLRT2/SEMA5A/ASPA/LPAR3/GFAP/NCAN/EGR2/LINGO2/FZD4/ACE/NRXN1/LIMK1/SERPINF1/MAPT/TRPC5/EFNA5/NLGN3/ASPM/NTRK2/EPHA4/RELN/TENM4/XRCC2/CDON/WDR62/HAPLN1/TGM2/SHANK3/TTBK1/ROBO2/SS18L1/AGRN/HAPLN4",47
"GO:0010977","negative regulation of neuron projection development","27/1892","140/18870",0.192857142857143,1.92347478103292,3.66110270805396,0.000656267138169308,0.0377146673367749,NA,"EPHB2/TBX6/BCL11A/CD38/SEMA5A/GFAP/SEMA3E/TRIM46/PTPRO/SPP1/CRMP1/SEMA5B/TNR/EPHA4/EPHA7/SEMA6D/FAT3/SEMA3C/DPYSL3/FGF13/DRAXIN/RGMA/SEMA6B/RTN4R/THY1/SYNGAP1/STX1B",27
"GO:0099601","regulation of neurotransmitter receptor activity","13/1892","48/18870",0.270833333333333,2.70117600422833,3.93938771279658,0.000665095304444407,0.0378365443541956,NA,"DLGAP1/EPHB2/CACNG5/SHISA7/GSG1L/OPRM1/NLGN3/RELN/SHANK3/MEF2C/DLG4/MAPK8IP2/SHISA9",13
"GO:0015698","inorganic anion transport","31/1892","169/18870",0.183431952662722,1.82947195916784,3.61579991195493,0.000670250746515771,0.0378365443541956,NA,"CLCNKB/ENPP1/CLIC5/SLC4A1/GLRA1/SLC6A14/SLC13A1/SLC12A3/SLC26A8/ABCB1/GABRD/GABRG3/CLCN2/GABRB2/SLC1A3/SLC37A2/APOL1/SLC11A1/NMUR1/P2RY6/WNK4/BSND/SLC5A5/SLC26A4/SLC6A1/SLC12A1/GABRB3/SLC4A5/ANKH/SLC12A9/SLC22A11",31
"GO:0002768","immune response-regulating cell surface receptor signaling pathway","54/1892","346/18870",0.15606936416185,1.55656918696306,3.48804087757315,0.000687157639935917,0.0384506893434317,NA,"CACNB4/FCHO1/PSG9/KLRD1/HHLA2/LCK/THEMIS/PAK3/PLA2G6/CD28/PIGR/TXK/KLRC1/NOD2/CLEC4E/HLA-A/TMIGD2/CD38/TLR5/FFAR2/TLR6/ADA/CARD11/ICOSLG/PLPP4/DAB2IP/C5AR2/SOS1/PDE4D/PTPRJ/LIMK1/TNIP3/FCGR1A/PAWR/BLNK/BTNL9/CD3G/MAPK10/SLA2/FYB2/GBP1/NFAM1/MEF2C/CLEC7A/CR2/PRKCQ/CD226/THY1/CR1/FPR2/FCGR3A/LILRB1/PRAM1/SCIMP",54
"GO:1901381","positive regulation of potassium ion transmembrane transport","11/1892","37/18870",0.297297297297297,2.96511627906977,3.99411997338013,0.000726133880488458,0.0402425291361594,NA,"ANK2/RGS7/KCNJ2/OPRK1/KCNC2/ATP1B2/AKAP6/KCNE1/RNF207/LRRC38/KCNMB1",11
"GO:1901379","regulation of potassium ion transmembrane transport","19/1892","86/18870",0.22093023255814,2.20346378878018,3.73404851906493,0.000734917504767932,0.0402425291361594,NA,"ANK2/RGS7/KCNRG/KCNJ2/NEDD4/KCNAB2/KCNS1/OPRK1/KCNC2/ATP1B2/AKAP6/KCNE1/WNK4/KCNG1/RNF207/ANK3/KCNE4/LRRC38/KCNMB1",19
"GO:0021537","telencephalon development","45/1892","276/18870",0.16304347826087,1.62612602261237,3.49801466098597,0.0007381056449178,0.0402425291361594,NA,"TACC2/EPHB2/EOMES/EFHC1/MAS1/RFX4/CDH2/HERC1/DAB2IP/FAT4/IGF2BP1/SZT2/SLC7A11/ERBB4/ARHGAP11B/FOXP2/MDGA1/SRGAP2C/CCDC85C/NEUROD1/ATP1B2/CNTN2/TNR/ASPM/NTRK2/RELN/GRIA1/RPGRIP1L/CDON/WDR62/DIXDC1/KIF14/DNAH5/FGF13/DRAXIN/SCN2A/SHANK3/BCL11B/SEMA6B/RTN4R/KCNA3/ROBO2/HSD3B1/PLCB1/AVPR1A",45
"GO:0002718","regulation of cytokine production involved in immune response","24/1892","120/18870",0.2,1.99471458773784,3.64905339008364,0.000747141023002411,0.0403899371672236,NA,"SPON2/IL1B/P2RX7/TGFB2/HFE/TLR7/HLA-F/AXL/NOD2/HLA-A/ANGPT1/IL10/FFAR2/INAVA/RIGI/ACP5/RSAD2/CLNK/CD96/CLEC7A/CD226/LILRB1/SCIMP/TGFB3",24
"GO:0007140","male meiotic nuclear division","14/1892","55/18870",0.254545454545455,2.53872765712089,3.81489629894762,0.00082520994969964,0.0442354140263362,NA,"MEIOC/ATM/BRDT/TDRD12/RBM46/MOV10L1/ZNF541/ASZ1/TESMIN/SHCBP1L/KCTD19/DMC1/TEX15/TEX11",14
"GO:0032411","positive regulation of transporter activity","20/1892","94/18870",0.212765957446809,2.12203679546579,3.64050164246044,0.000895014838500202,0.0475774971232732,NA,"EPHB2/ANK2/DMD/HAP1/RYR2/ABCB1/ATP1B2/CACNB2/AKAP6/NLGN3/P2RY6/RELN/JPH2/RNF207/ANK3/SGK2/ADIPOQ/LRRC38/FGF13/SHANK3",20
"GO:0008361","regulation of cell size","33/1892","187/18870",0.176470588235294,1.7600422832981,3.48679965223381,0.000923237992307354,0.0478652581035349,NA,"DSCAM/IQGAP3/AKT3/P2RX7/SLC12A3/CDKL5/RND2/IL7R/SEMA5A/LPAR3/SEMA3E/TRIM46/SPP1/ARHGAP35/LIMK1/MAPT/TRPC5/SEMA5B/EFNA5/TNR/ATP7A/EPHA7/SEMA6D/SEMA3C/FGF13/DRAXIN/SHANK3/RGMA/SEMA6B/RTN4R/SLC12A1/LRRC8E/SLC12A9",33
"GO:0007143","female meiotic nuclear division","11/1892","38/18870",0.289473684210526,2.88708690330477,3.88711348186547,0.000930442389847676,0.0478652581035349,NA,"MEIOC/EREG/ATM/NDC80/TOP2A/RBM46/SPIRE2/AURKA/CCNB2/SEPTIN1/FMN2",11
"GO:0007616","long-term memory","11/1892","38/18870",0.289473684210526,2.88708690330477,3.88711348186547,0.000930442389847676,0.0478652581035349,NA,"EHMT2/CCND2/LDLR/ADCY1/RASGRF1/PTCHD1/CAMK4/SNAP25/RELN/GRIA1/SLC2A4",11
"GO:0086091","regulation of heart rate by cardiac conduction","11/1892","38/18870",0.289473684210526,2.88708690330477,3.88711348186547,0.000930442389847676,0.0478652581035349,NA,"ANK2/KCNJ2/DSG2/CACNB2/CTNNA3/KCND3/KCNE1/KCNJ3/KCNE4/SCN3B/SCN2B",11
"GO:0007127","meiosis I","25/1892","129/18870",0.193798449612403,1.93286297261419,3.54901695204007,0.000948142392200065,0.0480480034471612,NA,"EHMT2/MEIOC/RNF212/FANCM/ATM/NDC80/TERB1/TOP2A/BRDT/RAD54B/MOV10L1/SYCP1/AURKA/MSH5/PRDM7/FANCD2/PIWIL2/CCNB2/BRIP1/ERCC4/DMC1/FMN2/TEX15/TEX11/IHO1",25
"GO:0051056","regulation of small GTPase mediated signal transduction","47/1892","295/18870",0.159322033898305,1.58900992582506,3.40377585989954,0.000949059168261846,0.0480480034471612,NA,"CGNL1/SCAI/TIAM2/EPHB2/AUTS2/PREX2/TGFB2/TRIM67/SYDE2/PLCE1/RIPOR2/GPR174/RASGRF1/MCF2L/IQSEC2/DNMBP/CCDC125/DAB2IP/SRGAP3/SH3BP1/ARHGAP11B/SOS1/ARHGAP28/ARHGAP35/RASGRP1/FGD4/SPRY1/P2RY10/FGD5/LPAR2/ECT2/CHN1/ARHGEF10/RELN/CDON/FOXM1/KIF14/PLEKHG1/ARHGEF15/TGM2/RTN4R/DENND3/IGF1/SYNGAP1/PSD3/PLEKHG6/SYNPO2L",47
"GO:0006936","muscle contraction","54/1892","351/18870",0.153846153846154,1.53439583672142,3.37364671775502,0.000965485138734537,0.0484947220471466,NA,"ANK2/DMD/SPX/ABAT/GLRA1/SNTB1/RYR2/DTNA/GDNF/COMP/FGF12/PLCE1/GNAO1/SCN11A/KCNJ2/DSG2/CD38/TMEM38A/ADA/GUCY1A1/ATP8A2/TMOD2/CHRNA1/MYLK/GJC1/ACTA2/ADRA1A/PDE4D/SLC8A1/CACNB2/SSTR2/CTNNA3/KCND3/CHRNB4/NMUR1/SCN1A/KCNE1/KCNJ3/ASPH/RNF207/KCNE4/CHRM3/FGF13/SCN3B/MYH3/MYH11/LMOD3/MAP2K6/CHRNA3/TBXA2R/NOS1/MYH8/MYOF/SCN2B",54
"GO:0043268","positive regulation of potassium ion transport","12/1892","44/18870",0.272727272727273,2.72006534691524,3.8131509790183,0.000992091389282774,0.0494418044705845,NA,"ANK2/RGS7/KCNJ2/OPRK1/ABCC8/KCNC2/ATP1B2/AKAP6/KCNE1/RNF207/LRRC38/KCNMB1",12
"GO:0001914","regulation of T cell mediated cytotoxicity","13/1892","50/18870",0.26,2.5931289640592,3.7654585364615,0.00101181954964632,0.0499245156239154,NA,"KLRD1/RAET1E/P2RX7/HFE/HLA-F/KLRC1/HLA-A/MICA/IL7R/IL23R/ULBP3/IL12RB1/LILRB1",13
"GO:0015849","organic acid transport","54/1892","352/18870",0.153409090909091,1.53003675763982,3.35098145322888,0.00103185701457596,0.0499245156239154,NA,"SLC29A4/SLC16A1/CACNB4/IL1B/SPX/ABAT/SLC13A3/LRP2/P2RX7/SLC6A14/SLC16A2/IRS2/SLC26A8/ABCB1/SLC6A15/PPARG/SFXN1/SLC7A9/SLC6A20/SLC13A5/SLC16A3/GFAP/PPARA/SLC1A3/ABCB11/SLC7A11/SLC7A7/ABCC8/ACE/GRM7/SLC6A19/SLC23A3/SLCO1C1/SLC11A1/AGXT/NTRK2/SLC43A2/SLC6A11/SNCA/ABCC3/SLC36A2/AVPR1B/SLC26A4/SV2A/SLC36A3/SLC6A1/ABCC10/SLC7A14/MAP2K6/SLC3A1/LRRC8E/AVPR1A/FABP4/SLC22A11",54
"GO:0098813","nuclear chromosome segregation","49/1892","312/18870",0.157051282051282,1.56636241665311,3.36742461131917,0.00103209274843813,0.0499245156239154,NA,"CENPF/PRC1/EHMT2/MEIOC/CDT1/RNF212/ATM/NDC80/BUB1B/HSPA1B/KIF11/SPC25/CEP97/TERB1/TOP2A/NUSAP1/KNL1/RMI2/KIF18B/SYCP1/AURKA/AURKB/NEK2/ECT2/CHEK2/CENPI/ASPM/DLGAP5/BIRC5/ARHGEF10/MSH5/FANCD2/KIF4A/CCNB2/BRIP1/KIF14/SEPTIN1/MISP/USP44/UBE2C/SGO1/DMC1/TPX2/FMN2/TEX15/TEX11/SPC24/HSPA1A/IHO1",49
"GO:0048638","regulation of developmental growth","51/1892","328/18870",0.155487804878049,1.5507689630279,3.35907604666464,0.00103636670971976,0.0499245156239154,NA,"DSCAM/LGMN/SIX4/BCL11A/CDKL5/RND2/GHR/FGFR2/SEMA5A/LPAR3/PPARA/SEMA3E/SYT17/ATP8A2/TRIM46/ERBB4/SPP1/HNF1B/CAPN3/RIMS2/TLL2/MYCBP2/LIMK1/MAPT/TRPC5/AKAP6/SEMA5B/PRKN/EFNA5/FOXC1/TNR/ACACB/EPHA7/SEMA6D/CPNE5/SEMA3C/FGF13/DRAXIN/RGMA/MEF2C/FTO/SEMA6B/RTN4R/MAPK11/SLC6A4/SPAAR/PLCB1/AGRN/GDF5/IGF1/PLAC8",51
"GO:0002027","regulation of heart rate","21/1892","102/18870",0.205882352941176,2.05338266384778,3.56097560741747,0.00105637274411067,0.0499245156239154,NA,"ANK2/DMD/SPX/ADM2/RYR2/KCNJ2/DSG2/BVES/ADA/ADRA1A/PDE4D/SLC8A1/CACNB2/CTNNA3/KCND3/KCNE1/KCNJ3/KCNE4/SCN3B/AVPR1A/SCN2B",21
"GO:0007052","mitotic spindle organization","25/1892","130/18870",0.192307692307692,1.91799479590177,3.50605597742981,0.00106432336979949,0.0499245156239154,NA,"PRC1/TACC2/EFHC1/NDC80/HSPA1B/KIF11/SPC25/FSD1/CEP97/GPSM2/STIL/SPAST/AURKA/AURKB/EML1/NEK2/CHEK2/DLGAP5/BIRC5/ARHGEF10/KIF4A/WDR62/MISP/TPX2/HSPA1A",25
"GO:0019228","neuronal action potential","10/1892","33/18870",0.303030303030303,3.02229482990582,3.88139030077209,0.00106718816312954,0.0499245156239154,NA,"KCNMB4/GLRA1/GRIK2/FGF12/SCN11A/CHRNA1/CHRNB4/SCN1A/GRIA1/ANK3",10
"GO:1990806","ligand-gated ion channel signaling pathway","10/1892","33/18870",0.303030303030303,3.02229482990582,3.88139030077209,0.00106718816312954,0.0499245156239154,NA,"GRIK2/GRIN2B/GRIN2C/FFAR2/GRIN2A/GRIA2/GRIA3/GRIA1/CHRM3/PLCB1",10
"GO:0061387","regulation of extent of cell growth","22/1892","109/18870",0.201834862385321,2.0130147215703,3.5407295675877,0.00107221486760878,0.0499245156239154,NA,"DSCAM/CDKL5/RND2/SEMA5A/LPAR3/SEMA3E/TRIM46/SPP1/LIMK1/MAPT/TRPC5/SEMA5B/EFNA5/TNR/EPHA7/SEMA6D/SEMA3C/FGF13/DRAXIN/RGMA/SEMA6B/RTN4R",22
"GO:0050769","positive regulation of neurogenesis","40/1892","242/18870",0.165289256198347,1.6485244526759,3.38955486380298,0.0010800898951536,0.0499267640665567,NA,"DSCAM/IL1B/TIAM2/EPHB2/HAP1/CX3CL1/LRP2/CDKL5/RND2/CLCN2/OPRM1/PLXND1/SEMA5A/ASPA/LPAR3/GFAP/NCAN/EGR2/FZD4/ACE/LIMK1/SERPINF1/MAPT/TRPC5/EFNA5/ASPM/NTRK2/EPHA4/RELN/TENM4/XRCC2/CDON/WDR62/HAPLN1/TGM2/SHANK3/TTBK1/ROBO2/SS18L1/HAPLN4",40
